<?xml version="1.0" encoding="UTF-8"?>
<openremote xmlns="http://www.openremote.org" xmlns:xsi="http://www.w3.org/2001/XMLSchema-instance" xsi:schemaLocation="http://www.openremote.org http://www.openremote.org/schemas/controller.xsd">
  <components>
    <switch id="139">
      <on>
        <include type="command" ref="200" />
      </on>
      <off>
        <include type="command" ref="199" />
      </off>
      <include type="sensor" ref="216" />
    </switch>
    <switch id="99">
      <on>
        <include type="command" ref="182" />
      </on>
      <off>
        <include type="command" ref="183" />
      </off>
      <include type="sensor" ref="212" />
    </switch>
    <button id="34">
      <include type="command" ref="197" />
      <delay>100</delay>
      <include type="command" ref="201" />
    </button>
    <button id="6">
      <include type="command" ref="182" />
    </button>
    <button id="163">
      <include type="command" ref="186" />
    </button>
    <button id="8">
      <include type="command" ref="183" />
    </button>
    <button id="161">
      <include type="command" ref="185" />
    </button>
    <button id="10">
      <include type="command" ref="184" />
    </button>
    <button id="109">
      <include type="command" ref="197" />
      <delay>100</delay>
      <include type="command" ref="201" />
    </button>
    <button id="12">
      <include type="command" ref="185" />
    </button>
    <button id="165">
      <include type="command" ref="187" />
    </button>
    <button id="14">
      <include type="command" ref="186" />
    </button>
    <button id="119" />
    <button id="16">
      <include type="command" ref="187" />
    </button>
    <button id="18">
      <include type="command" ref="188" />
    </button>
    <button id="155">
      <include type="command" ref="182" />
    </button>
    <button id="20">
      <include type="command" ref="188" />
    </button>
    <button id="157">
      <include type="command" ref="183" />
    </button>
    <button id="159">
      <include type="command" ref="184" />
    </button>
    <button id="181">
      <include type="command" ref="197" />
      <delay>100</delay>
      <include type="command" ref="201" />
    </button>
    <slider id="171">
      <setValue>
        <include type="command" ref="195" />
      </setValue>
      <include type="sensor" ref="211" />
    </slider>
    <slider id="169">
      <setValue>
        <include type="command" ref="191" />
      </setValue>
      <include type="sensor" ref="209" />
    </slider>
    <slider id="101">
      <setValue>
        <include type="command" ref="193" />
      </setValue>
      <include type="sensor" ref="210" />
    </slider>
    <slider id="173">
      <setValue>
        <include type="command" ref="193" />
      </setValue>
      <include type="sensor" ref="210" />
    </slider>
    <slider id="22">
      <setValue>
        <include type="command" ref="193" />
      </setValue>
      <include type="sensor" ref="210" />
    </slider>
    <slider id="127">
      <setValue>
        <include type="command" ref="206" />
      </setValue>
      <include type="sensor" ref="215" />
    </slider>
    <slider id="24">
      <setValue>
        <include type="command" ref="191" />
      </setValue>
      <include type="sensor" ref="209" />
    </slider>
    <slider id="125">
      <setValue>
        <include type="command" ref="202" />
      </setValue>
      <include type="sensor" ref="213" />
    </slider>
    <slider id="26">
      <setValue>
        <include type="command" ref="195" />
      </setValue>
      <include type="sensor" ref="211" />
    </slider>
    <slider id="123">
      <setValue>
        <include type="command" ref="205" />
      </setValue>
      <include type="sensor" ref="214" />
    </slider>
    <slider id="107">
      <setValue>
        <include type="command" ref="195" />
      </setValue>
      <include type="sensor" ref="211" />
    </slider>
    <slider id="105">
      <setValue>
        <include type="command" ref="191" />
      </setValue>
      <include type="sensor" ref="209" />
    </slider>
    <label id="103" />
    <label id="32" />
    <label id="175" />
    <label id="141">
      <include type="sensor" ref="216" />
    </label>
    <label id="143" />
    <label id="97">
      <include type="sensor" ref="212" />
    </label>
    <label id="131" />
    <label id="133" />
    <label id="135" />
    <label id="117" />
    <label id="115" />
    <label id="113" />
    <label id="179" />
    <label id="95" />
    <label id="177" />
    <label id="28" />
    <label id="121" />
    <label id="30" />
  </components>
  <sensors>
    <sensor id="209" name="Bristatus" type="range">
      <include type="command" ref="190" />
      <min value="0" />
      <max value="255" />
    </sensor>
    <sensor id="210" name="Colstatus" type="range">
      <include type="command" ref="192" />
      <min value="0" />
      <max value="65535" />
    </sensor>
    <sensor id="211" name="satstatus" type="range">
      <include type="command" ref="194" />
      <min value="0" />
      <max value="255" />
    </sensor>
    <sensor id="212" name="switchpower" type="custom">
      <include type="command" ref="196" />
      <state name="off" value="false" />
      <state name="on" value="true" />
    </sensor>
    <sensor id="213" name="Bright-Sensor" type="range">
      <include type="command" ref="203" />
      <min value="0" />
      <max value="255" />
    </sensor>
    <sensor id="214" name="Color-Sensor" type="range">
      <include type="command" ref="204" />
      <min value="0" />
      <max value="65535" />
    </sensor>
    <sensor id="215" name="Saturation-Sensor" type="range">
      <include type="command" ref="207" />
      <min value="0" />
      <max value="255" />
    </sensor>
    <sensor id="216" name="Power-Sensor" type="custom">
      <include type="command" ref="208" />
      <state name="off" value="false" />
      <state name="on" value="true" />
    </sensor>
  </sensors>
  <commands>
    <command id="182" protocol="huebridge">
      <property name="lightid" value="2" />
      <property name="power" value="On" />
      <property name="name" value="On" />
    </command>
    <command id="183" protocol="huebridge">
      <property name="lightid" value="2" />
      <property name="power" value="Off" />
      <property name="name" value="Off" />
    </command>
    <command id="184" protocol="huebridge">
      <property name="lightid" value="2" />
      <property name="color" value="22000" />
      <property name="name" value="Test-Color22" />
    </command>
    <command id="185" protocol="huebridge">
      <property name="lightid" value="2" />
      <property name="color" value="44000" />
      <property name="bridgeip" value="10.10.4.168" />
      <property name="key" value="2e3199601958fd4f58425b0126ffd3f" />
      <property name="name" value="Test-Color44" />
    </command>
    <command id="186" protocol="huebridge">
      <property name="lightid" value="2" />
      <property name="brightness" value="125" />
      <property name="bridgeip" value="10.10.4.168" />
      <property name="key" value="2e3199601958fd4f58425b0126ffd3f" />
      <property name="name" value="Test-Brighthalf" />
    </command>
    <command id="187" protocol="huebridge">
      <property name="lightid" value="2" />
      <property name="brightness" value="255" />
      <property name="name" value="Test-Bright" />
    </command>
    <command id="188" protocol="huebridge">
      <property name="lightid" value="2" />
      <property name="saturation" value="125" />
      <property name="bridgeip" value="10.10.4.168" />
      <property name="key" value="2e3199601958fd4f58425b0126ffd3f" />
      <property name="name" value="Test-SaturationHalf" />
    </command>
    <command id="189" protocol="huebridge">
      <property name="lightid" value="2" />
      <property name="saturation" value="255" />
      <property name="bridgeip" value="10.10.4.168" />
      <property name="key" value="2e3199601958fd4f58425b0126ffd3f" />
      <property name="name" value="Test-Saturation" />
    </command>
    <command id="190" protocol="huebridge">
      <property name="lightid" value="2" />
      <property name="sensor" value="Brightness" />
      <property name="pollingInterval" value="2s" />
      <property name="name" value="Bright-Sensor" />
    </command>
    <command id="191" protocol="huebridge">
      <property name="lightid" value="2" />
      <property name="brightness" value="${param}" />
      <property name="name" value="Bright-Sliider" />
    </command>
    <command id="192" protocol="huebridge">
      <property name="lightid" value="2" />
      <property name="sensor" value="Color" />
      <property name="pollingInterval" value="2s" />
      <property name="bridgeip" value="10.10.4.168" />
      <property name="key" value="2e3199601958fd4f58425b0126ffd3f" />
      <property name="name" value="Color-Sensor" />
    </command>
    <command id="193" protocol="huebridge">
      <property name="lightid" value="2" />
      <property name="color" value="${param}" />
      <property name="bridgeip" value="10.10.4.168" />
      <property name="key" value="2e3199601958fd4f58425b0126ffd3f" />
      <property name="name" value="Color-Slider" />
    </command>
    <command id="194" protocol="huebridge">
      <property name="lightid" value="2" />
      <property name="sensor" value="Saturation" />
      <property name="pollingInterval" value="2s" />
      <property name="bridgeip" value="10.10.4.168" />
      <property name="key" value="2e3199601958fd4f58425b0126ffd3f" />
      <property name="name" value="Saturation-Sensor" />
    </command>
    <command id="195" protocol="huebridge">
      <property name="lightid" value="2" />
      <property name="saturation" value="${param}" />
      <property name="bridgeip" value="10.10.4.168" />
      <property name="key" value="2e3199601958fd4f58425b0126ffd3f" />
      <property name="name" value="Saturation-Slider" />
    </command>
    <command id="196" protocol="huebridge">
      <property name="lightid" value="2" />
      <property name="sensor" value="Power" />
      <property name="pollingInterval" value="2s" />
      <property name="bridgeip" value="10.10.4.168" />
      <property name="key" value="2e3199601958fd4f58425b0126ffd3f" />
      <property name="name" value="Power-Sensor" />
    </command>
    <command id="197" protocol="huebridge">
      <property name="lightid" value="2" />
      <property name="brightness" value="255" />
      <property name="color" value="56300" />
      <property name="saturation" value="255" />
      <property name="power" value="On" />
      <property name="name" value="GoTass" />
    </command>
    <command id="198" protocol="huebridge">
      <property name="lightid" value="1" />
      <property name="pollingInterval" value="2s" />
      <property name="name" value="Saturation-Sensor" />
    </command>
    <command id="199" protocol="huebridge">
      <property name="lightid" value="1" />
      <property name="power" value="Off" />
      <property name="name" value="Off" />
    </command>
    <command id="200" protocol="huebridge">
      <property name="lightid" value="1" />
      <property name="power" value="On" />
      <property name="name" value="On" />
    </command>
    <command id="201" protocol="huebridge">
      <property name="lightid" value="1" />
      <property name="brightness" value="255" />
      <property name="color" value="56300" />
      <property name="saturation" value="255" />
      <property name="power" value="On" />
      <property name="name" value="GoTass" />
    </command>
    <command id="202" protocol="huebridge">
      <property name="lightid" value="1" />
      <property name="brightness" value="${param}" />
      <property name="power" value="On" />
      <property name="name" value="Bright-Slider" />
    </command>
    <command id="203" protocol="huebridge">
      <property name="lightid" value="1" />
      <property name="sensor" value="Brightness" />
      <property name="pollingInterval" value="2s" />
      <property name="name" value="Bright-Sensor" />
    </command>
    <command id="204" protocol="huebridge">
      <property name="lightid" value="1" />
      <property name="sensor" value="Color" />
      <property name="pollingInterval" value="2s" />
      <property name="name" value="Color-Sensor" />
    </command>
    <command id="205" protocol="huebridge">
      <property name="lightid" value="1" />
      <property name="color" value="${param}" />
      <property name="name" value="Color-Slider" />
    </command>
    <command id="206" protocol="huebridge">
      <property name="lightid" value="1" />
      <property name="saturation" value="${param}" />
      <property name="name" value="Saturation-Slider" />
    </command>
    <command id="207" protocol="huebridge">
      <property name="lightid" value="1" />
      <property name="sensor" value="Saturation" />
      <property name="pollingInterval" value="2s" />
      <property name="name" value="Saturation-Sensor" />
    </command>
    <command id="208" protocol="huebridge">
      <property name="lightid" value="1" />
      <property name="sensor" value="Power" />
      <property name="pollingInterval" value="2s" />
      <property name="name" value="Power-Sensor" />
    </command>
  </commands>
  <config>
    <property name="huebridge.address" value="10.10.4.168" />
    <property name="huebridge.key" value="2e3199601958fd4f58425b0126ffd3f" />
    <property name="amx_ni.address" value="192.168.1.1" />
    <property name="amx_ni.port" value="20000" />
    <property name="controller.roundrobin.tcpserver.port" value="20000" />
    <property name="controller.roundrobin.multicast.port" value="10000" />
    <property name="multicast.port" value="3333" />
    <property name="controller.groupname" value="floor20" />
    <property name="controller.groupmember.autodetect.on" value="true" />
    <property name="zwave.commLayer" value="" />
    <property name="copy.lircd.conf.on" value="true" />
    <property name="irsend.path" value="/usr/local/bin/irsend" />
    <property name="controller.applicationname" value="controller" />
    <property name="multicast.address" value="224.0.1.100" />
    <property name="Macro.IR.Execution.Delay" value="500" />
    <property name="controller.roundrobin.multicast.address" value="224.0.1.200" />
    <property name="zwave.pad.port" value="7876" />
    <property name="zwave.comPort" value="" />
    <property name="lutron_homeworks.password" value="openremote" />
    <property name="lagarto_network.broadcast" value="tcp://127.0.0.1:5001" />
    <property name="lircd.conf.path" value="/etc/lircd.conf" />
    <property name="lutron_homeworks.port" value="23" />
    <property name="lutron_homeworks.address" value="192.168.1.1" />
    <property name="zwave.pad.host" value="localhost" />
    <property name="lutron_homeworks.username" value="openremote" />
    <property name="webapp.port" value="8080" />
    <property name="protocol.zwave.classname" value="org.openremote.controller.protocol.zwave.ZWaveCommandBuilder" />
    <property name="resource.upload.enable" value="true" />
  </config>
</openremote>

